length_context,length_question,length_entities,entity_num,correct
885,12,19,54,0
442,12,20,8,1
791,11,22,0,0
814,13,21,3,0
254,14,18,38,0
339,13,28,6,1
1189,16,24,29,0
452,17,34,4,1
293,12,18,4,1
236,37,11,4,0
1095,13,41,7,1
305,17,20,27,0
387,11,10,3,0
154,14,14,2,1
996,10,19,1,1
1001,16,26,4,1
804,11,21,8,1
588,6,15,27,0
170,15,13,16,0
896,10,15,19,0
1540,12,396,20,0
486,18,21,9,0
590,19,8,9,0
591,16,15,6,0
706,19,20,2,1
321,20,26,58,0
1026,23,28,4,1
791,12,22,1,1
599,14,18,7,1
653,21,22,37,0
127,17,10,10,0
983,14,18,10,1
246,15,10,11,1
1442,12,40,9,1
778,13,22,5,1
305,12,8,5,1
649,10,27,9,0
307,14,6,3,1
393,10,13,3,1
538,18,37,5,0
1354,8,44,13,1
1058,9,33,4,1
413,21,22,20,0
485,9,12,6,1
673,13,25,22,0
531,13,33,6,1
1291,24,44,209,0
829,11,23,0,1
985,29,15,2,1
481,10,16,1,1
655,21,32,31,0
1607,17,32,6,1
194,10,16,9,1
775,13,10,12,0
811,16,19,7,1
467,14,27,1,0
576,13,29,44,0
1129,15,39,27,0
797,20,8,82,0
474,6,27,7,0
558,18,24,13,1
657,11,13,6,1
378,11,10,4,0
449,15,12,10,1
501,19,23,65,0
735,13,29,2,1
1044,12,33,11,1
682,16,13,14,1
1376,17,28,2,1
773,12,19,9,0
869,11,45,11,0
996,6,19,1,1
610,12,16,8,1
1258,13,32,253,0
580,13,15,12,0
969,14,21,5,0
434,15,25,48,0
643,9,8,0,1
681,14,24,3,1
314,20,12,2,0
675,15,32,0,1
313,10,8,21,0
1065,21,23,0,1
732,18,17,2,1
776,13,31,48,0
279,10,28,16,0
344,9,13,4,1
1446,15,46,12,0
282,14,8,1,0
311,6,31,4,1
405,15,23,48,0
1578,8,24,5,1
311,11,14,6,1
1012,13,38,25,0
932,7,54,23,0
1089,16,29,3,1
792,10,18,1,1
760,15,13,6,0
336,12,9,0,0
382,10,22,22,0
614,13,21,14,0
335,15,30,3,0
935,24,17,11,1
314,20,12,1,0
1135,11,26,3,1
208,19,16,9,1
413,12,22,8,1
565,16,11,1,1
1209,15,40,2,0
901,17,16,3,1
1087,10,46,5,0
889,14,39,2,1
792,13,20,0,1
819,13,26,2,0
141,12,9,17,0
1123,22,15,58,0
380,17,17,9,0
797,10,28,1,1
1098,23,22,58,0
526,10,26,43,0
165,11,14,3,1
637,14,18,16,1
462,14,13,15,1
791,12,22,6,1
778,12,34,2,1
1607,12,32,6,1
1085,16,18,38,0
352,16,16,6,1
1020,10,23,10,1
601,16,21,7,1
196,9,9,13,1
1282,14,15,8,1
208,12,12,3,0
1650,13,53,0,1
441,10,30,9,1
1540,18,396,15,0
974,9,28,13,0
1282,14,15,15,1
1046,14,27,195,0
1169,12,17,40,0
531,13,27,1,0
976,17,25,2,1
322,15,18,8,0
1120,7,25,9,0
312,12,7,0,1
237,11,17,9,1
919,22,24,9,1
378,13,17,5,1
732,18,17,6,1
344,9,13,26,0
541,15,30,47,0
312,11,7,8,0
1240,10,57,5,0
343,11,25,28,0
226,8,33,3,1
316,15,11,7,1
1007,19,35,3,1
1026,11,12,64,0
1177,16,41,68,0
1000,12,24,48,0
681,12,24,9,0
468,11,27,1,1
404,16,12,27,0
409,15,25,2,0
300,11,15,33,0
638,12,39,3,1
1396,12,26,1,1
1001,16,26,39,0
421,12,12,9,1
1020,9,23,24,0
1540,12,396,18,1
932,20,14,2,0
502,14,17,1,1
640,10,33,8,1
866,16,34,4,1
1031,11,37,4,1
1149,15,18,34,0
413,21,22,19,0
126,11,13,1,1
1135,11,26,44,1
268,8,9,18,0
823,10,52,8,1
1020,9,23,2,1
316,14,11,7,1
983,14,18,0,1
631,16,22,0,1
742,13,17,70,0
316,15,11,33,0
281,12,14,6,0
793,8,48,30,0
554,15,35,0,1
560,10,16,44,0
612,10,20,0,1
1014,16,10,78,0
1022,9,28,3,1
1121,14,28,6,1
282,14,8,10,1
755,13,11,1,1
322,12,15,6,1
838,12,12,1,0
637,14,18,23,0
359,14,21,31,0
675,17,32,3,1
788,11,31,111,0
846,10,19,0,1
866,10,34,4,1
438,18,13,10,0
350,11,15,6,1
1012,11,38,1,1
255,6,21,10,1
1021,13,20,7,1
295,12,20,6,1
468,11,28,36,0
1823,17,69,28,0
305,8,10,7,1
461,14,23,9,0
409,6,25,14,1
614,18,21,0,1
856,8,15,0,1
119,12,4,2,1
808,13,30,2,0
740,15,25,2,1
418,11,9,11,0
778,18,22,5,1
782,14,18,2,0
837,19,14,5,0
708,10,30,53,0
150,10,11,6,0
415,18,11,5,0
1016,16,28,6,1
983,13,18,0,1
864,25,21,3,1
311,11,14,7,0
481,20,9,12,0
372,10,19,27,0
1046,13,21,2,0
956,12,32,8,1
1775,19,57,36,0
1649,17,36,20,0
379,16,20,5,1
1204,14,29,212,0
1351,15,43,3,1
148,13,8,0,1
1303,11,32,16,0
606,19,23,5,0
1164,13,42,60,0
774,13,25,9,1
676,7,14,12,0
666,12,29,1,1
1477,16,59,0,0
1095,27,40,31,0
1095,9,41,7,1
494,12,12,8,0
1434,11,21,32,1
444,11,13,6,1
805,9,54,104,0
1717,13,52,113,0
636,8,20,9,1
1014,13,20,2,0
237,11,17,11,0
1164,19,42,11,1
726,16,18,18,0
531,18,33,5,0
550,9,19,5,0
856,14,42,15,0
719,15,24,1,1
339,11,11,1,1
1095,28,40,196,0
227,37,13,4,0
1574,16,40,7,1
303,11,10,3,0
805,7,54,25,0
525,14,23,0,1
280,7,15,11,1
1261,17,20,24,0
733,20,22,1,0
787,20,33,3,1
1299,21,18,15,1
220,13,20,10,0
357,13,18,4,1
1047,18,29,22,0
752,13,11,3,1
492,8,20,85,0
274,20,22,6,0
740,17,25,2,0
637,12,18,15,0
499,9,31,19,0
311,10,12,8,0
667,14,32,46,0
599,14,18,5,0
849,13,43,2,1
1164,13,42,0,1
300,18,17,5,1
301,18,9,40,0
797,11,8,33,1
610,13,16,8,1
507,15,24,6,1
344,9,13,9,1
700,16,16,5,0
933,13,20,0,0
326,13,13,0,0
1351,15,43,15,1
577,18,15,1,1
231,7,21,8,0
1205,12,48,16,0
170,14,8,4,1
256,11,25,9,0
927,14,36,14,0
666,11,29,2,0
323,12,19,1,0
564,15,14,3,1
417,14,28,22,0
746,13,25,14,0
923,14,31,27,0
127,17,10,0,0
602,13,19,2,1
770,9,27,4,1
1070,23,36,18,0
571,8,9,0,1
421,17,12,60,0
394,8,25,48,0
696,15,19,2,1
314,20,12,18,0
1353,16,25,24,1
1234,10,48,48,0
1606,15,53,235,0
564,7,14,10,1
417,11,15,6,1
1123,10,92,153,0
703,10,26,9,0
191,15,11,20,0
1123,9,92,1,1
422,10,13,7,0
223,16,16,8,0
1718,8,81,40,0
1106,8,56,18,0
496,10,22,12,0
350,16,15,15,0
1443,14,40,44,0
225,10,8,6,0
996,14,19,1,1
1142,28,36,23,0
1240,10,57,3,1
1098,23,22,38,0
933,9,20,15,1
206,9,7,28,0
511,15,16,4,1
1256,12,29,16,0
854,15,35,11,0
237,11,17,8,0
382,10,21,2,0
1614,16,32,5,1
256,11,25,8,0
393,12,17,6,1
254,14,18,2,1
343,14,13,24,0
1034,10,51,16,1
165,11,14,8,1
699,11,25,3,0
519,8,21,0,1
445,11,23,17,0
380,13,17,2,1
316,8,13,33,0
350,11,15,1,1
236,37,11,22,0
264,13,7,13,0
1446,12,46,59,0
1197,14,44,0,1
301,10,12,5,1
637,15,25,1,1
1940,14,75,211,0
437,10,37,80,0
393,16,17,12,1
264,13,7,17,0
1706,18,38,49,0
1070,10,46,18,0
896,24,15,4,0
513,12,26,1,0
655,18,25,30,0
1390,20,24,159,0
580,7,19,14,0
326,11,9,7,1
760,15,26,109,0
655,20,25,35,0
625,12,18,30,0
773,11,33,47,0
1112,20,25,2,1
413,16,22,26,0
636,11,20,27,0
1240,10,57,4,0
1527,6,54,22,0
226,16,14,20,0
988,11,25,25,0
580,12,15,12,1
920,10,17,7,1
869,13,45,28,0
810,11,18,13,1
321,23,26,37,0
1209,23,40,9,1
285,15,19,0,1
1087,10,46,36,0
202,15,9,3,1
221,15,4,1,1
200,17,15,18,0
1891,14,33,62,0
932,10,54,62,0
577,9,13,1,1
236,13,9,4,1
229,8,10,8,0
719,16,29,72,0
772,18,21,12,0
730,12,17,0,0
1086,18,54,3,1
655,11,32,7,0
651,12,16,30,0
875,22,24,7,1
256,11,25,6,0
558,18,24,4,1
542,14,8,16,0
682,17,13,21,0
922,7,26,9,1
223,16,16,0,1
923,11,31,14,0
1831,11,45,0,1
159,6,13,16,0
1204,29,29,0,1
501,19,23,8,1
689,8,19,59,0
1393,11,61,70,0
1258,11,32,8,1
486,18,23,7,0
487,13,28,6,1
601,15,21,77,0
374,15,34,2,1
298,8,17,4,1
399,10,11,12,0
896,10,15,13,0
811,16,19,17,0
788,11,31,112,0
501,12,15,12,0
1339,9,36,154,0
1186,17,25,20,0
1067,17,32,21,1
670,12,17,46,0
1114,9,24,5,0
1177,16,41,26,0
501,15,15,10,1
374,9,21,0,1
608,13,15,3,1
666,9,24,5,1
635,10,16,4,1
150,12,12,25,0
294,15,18,0,1
1303,17,32,16,0
988,17,25,3,0
441,10,30,3,1
557,12,21,2,1
1919,16,57,1,1
939,13,41,2,1
1006,17,27,23,1
1095,28,40,143,0
744,12,37,88,0
1129,19,41,32,0
165,13,14,4,1
197,12,20,7,1
662,12,42,7,0
298,11,16,13,0
538,18,37,4,0
300,17,11,4,1
210,12,16,39,0
1643,13,39,2,1
719,15,24,8,0
195,17,14,17,0
349,11,12,19,0
851,13,36,32,0
1777,21,28,5,1
576,9,29,0,1
383,14,14,25,0
428,20,23,5,1
526,10,26,6,1
638,8,35,0,1
729,11,25,2,1
319,9,8,0,0
417,14,28,25,0
1614,19,32,0,1
582,10,7,3,1
430,11,18,3,0
144,8,8,2,0
950,14,37,0,0
1479,14,30,18,0
770,9,27,7,0
316,8,13,0,1
787,20,33,24,0
1186,8,25,3,1
1718,6,81,15,0
231,7,21,0,1
1464,11,44,12,1
538,11,37,24,0
821,15,25,11,1
966,9,13,3,1
422,14,17,10,0
510,15,21,1,0
343,12,25,11,0
1039,8,31,1,1
708,10,30,54,0
564,9,28,10,1
485,12,12,0,1
1600,8,31,6,1
254,14,18,3,1
279,9,28,0,1
1209,23,40,1,0
994,11,20,29,0
1353,21,25,48,0
588,16,15,13,1
1082,15,21,5,1
280,11,12,1,0
923,11,18,13,1
1209,15,40,7,1
1186,15,75,9,1
742,13,17,29,0
682,13,17,15,1
266,17,17,2,0
354,15,22,44,0
1106,25,28,4,1
1775,19,57,35,0
754,13,10,16,1
637,19,25,23,0
303,11,10,0,1
653,12,22,17,0
625,12,18,27,0
410,12,23,8,1
996,10,44,61,0
837,20,14,7,0
302,10,9,0,1
231,7,20,38,0
950,12,26,128,0
575,8,40,12,1
357,13,14,2,0
231,9,20,15,1
395,12,16,0,0
460,11,11,5,1
1006,17,27,8,0
379,16,22,11,1
798,18,16,1,0
856,14,42,161,0
423,11,16,0,1
415,16,11,7,0
535,20,13,3,1
733,20,22,33,0
510,16,21,21,0
754,17,22,2,1
1114,9,24,4,1
1120,7,25,0,0
463,16,32,15,0
864,11,24,25,0
681,16,24,23,0
195,12,14,13,0
1033,16,32,7,1
280,11,15,9,0
391,10,21,1,0
746,14,14,23,0
1351,15,43,2,1
875,12,38,13,0
423,12,24,30,0
441,17,20,2,1
681,14,24,6,0
413,12,52,7,0
864,11,24,28,0
557,12,21,31,1
198,17,15,33,0
594,15,22,4,1
288,9,18,1,1
1172,10,18,18,0
1095,28,40,136,0
728,10,32,7,1
1393,11,61,26,0
653,21,22,14,0
640,10,33,6,0
849,13,43,20,0
445,11,23,18,1
379,12,16,40,0
437,10,37,30,0
298,11,16,12,0
418,8,9,13,0
1476,8,26,20,0
127,17,10,12,0
478,23,19,35,0
1243,19,41,4,1
849,11,43,13,0
341,20,14,51,0
1607,12,32,7,0
226,16,14,22,0
1026,8,12,64,0
1351,12,43,3,1
375,16,12,2,1
1442,15,40,9,1
799,12,28,1,0
174,13,8,17,0
823,10,52,10,0
868,17,27,6,0
1354,13,44,75,0
802,22,31,8,1
510,11,21,10,0
381,17,17,2,1
755,15,20,7,0
708,14,59,28,0
1298,13,28,4,1
1044,12,33,11,1
307,11,14,1,1
1010,17,14,5,1
543,7,37,1,1
854,15,35,2,0
289,12,22,15,0
891,24,28,23,0
214,6,17,11,0
256,11,25,9,0
477,18,19,81,0
950,16,37,3,1
1026,23,28,3,1
603,5,23,4,1
531,13,33,10,0
510,11,21,1,0
233,37,10,23,1
1121,14,28,13,0
531,20,17,56,0
393,9,23,13,0
990,14,26,0,0
436,17,9,6,0
730,16,17,17,0
636,9,20,3,0
808,17,30,15,1
802,14,31,8,1
1006,9,27,4,0
608,23,20,6,1
707,25,11,18,1
400,16,23,41,0
708,10,30,24,0
719,14,29,29,0
157,10,9,10,0
170,13,13,28,0
641,7,16,3,1
415,16,11,3,0
1614,19,32,5,1
517,13,19,0,1
892,11,9,7,1
967,14,36,36,0
191,14,8,5,0
119,16,4,9,1
893,13,20,3,1
415,15,11,3,0
1557,17,51,9,1
909,13,26,140,0
909,13,26,6,1
849,23,10,5,1
505,7,45,60,0
202,11,9,3,0
928,11,13,108,0
696,15,19,0,1
1650,12,38,4,0
945,8,21,2,0
1160,8,43,3,0
666,12,29,11,1
655,18,25,1,1
1650,13,38,70,0
165,9,10,2,0
353,9,12,15,0
703,14,18,41,0
329,12,25,3,1
1189,11,24,29,0
471,12,20,2,1
406,5,20,4,0
726,11,18,3,0
383,13,14,4,0
498,9,30,4,0
681,15,14,48,0
343,12,25,4,0
438,15,10,1,1
911,14,13,27,1
638,8,39,1,1
805,9,54,76,0
1823,22,69,3,1
150,17,23,5,1
536,9,21,1,1
387,11,10,2,1
875,21,24,4,0
526,6,26,77,0
896,10,15,11,1
1540,21,396,25,0
837,11,14,14,0
1377,11,32,6,0
1209,24,40,11,0
668,17,22,61,0
452,13,34,40,0
550,15,18,8,0
615,11,14,11,0
753,17,43,54,0
766,18,10,13,0
228,10,15,1,1
478,15,19,61,0
321,15,26,49,1
374,15,21,2,1
1167,9,27,0,1
667,17,15,17,0
1086,12,16,3,1
576,6,29,18,0
536,14,21,2,0
368,15,13,2,1
580,14,22,46,0
696,15,19,2,0
351,11,17,1,1
1349,18,18,0,1
719,13,24,3,1
1196,14,35,0,1
1095,13,21,94,0
1001,16,26,69,0
1135,14,22,0,0
311,10,12,0,1
312,12,7,3,0
335,7,30,0,0
706,16,20,2,1
1062,8,27,3,1
1123,9,92,3,0
815,18,7,2,1
1127,24,33,49,0
432,10,25,5,0
728,10,32,84,0
1033,8,32,7,1
926,12,25,28,0
653,12,22,14,0
208,19,16,3,0
354,14,22,7,0
498,9,30,7,0
174,18,8,10,0
274,7,22,0,0
1209,24,40,9,0
254,12,18,3,0
1717,14,52,62,0
894,18,21,1,0
315,12,12,46,0
1043,11,34,1,1
773,12,19,10,0
294,17,18,0,1
471,9,12,6,1
1171,18,35,0,1
823,10,52,9,0
537,15,12,2,1
948,9,29,41,0
187,14,10,0,0
904,14,28,0,0
1341,18,30,17,1
1772,17,34,0,1
666,9,24,8,0
819,14,26,0,1
951,15,28,13,1
400,9,12,2,0
470,10,16,30,0
932,13,14,191,0
872,13,22,3,1
977,16,15,6,1
168,12,5,14,0
1353,14,25,24,1
422,10,13,2,1
591,19,15,15,1
518,17,12,1,0
858,22,25,20,0
897,17,47,153,0
612,11,20,9,0
1217,13,30,7,1
1139,13,32,60,0
953,9,11,45,0
1234,12,36,27,0
680,24,15,6,1
710,15,15,36,0
1376,18,28,2,1
881,17,19,0,1
422,12,17,4,1
413,12,22,6,1
301,15,9,7,1
452,17,34,9,0
195,8,14,8,1
213,13,19,16,1
923,15,31,7,1
1058,9,33,1,1
806,8,49,50,0
486,16,23,80,0
1954,9,49,47,0
1046,13,21,4,1
517,8,19,0,0
378,11,17,19,0
696,8,14,10,0
174,8,10,6,1
302,8,23,5,1
377,12,13,15,1
170,14,8,5,1
198,17,15,30,0
1128,17,20,18,0
1227,10,39,0,0
1606,13,47,17,1
1013,17,35,33,0
1234,12,48,18,1
568,19,16,0,1
1146,11,20,5,1
400,11,25,1,1
327,11,15,2,1
876,17,28,11,0
417,12,28,0,0
508,13,14,7,1
1217,15,31,10,0
316,14,11,29,0
536,15,19,11,1
792,10,20,0,1
421,11,14,3,1
254,12,18,7,0
1086,12,16,19,0
1280,16,41,101,0
272,11,13,3,1
994,14,34,13,0
1086,13,54,39,0
1127,24,33,3,0
472,14,18,80,0
753,20,43,3,1
264,13,7,15,1
1373,19,22,77,0
401,18,23,2,1
372,10,19,5,0
617,13,22,13,1
758,10,24,8,1
511,19,16,12,1
637,20,36,132,0
1095,28,40,79,0
869,8,45,17,0
631,8,22,17,0
409,12,10,2,1
537,16,12,5,1
810,14,13,9,1
498,8,30,10,0
211,9,8,4,1
925,25,10,3,1
304,16,18,8,1
849,16,43,6,1
321,23,26,19,0
689,10,11,1,1
261,15,14,3,1
351,12,17,69,0
301,18,9,7,1
519,13,12,20,0
706,20,20,2,1
1483,15,33,17,0
828,13,30,4,1
441,11,20,9,1
637,10,16,45,0
677,14,15,17,0
1600,6,31,6,1
577,12,13,1,1
983,18,24,5,1
775,13,10,16,0
598,19,20,37,0
782,16,18,39,0
1083,18,54,14,1
202,16,12,3,1
804,15,21,8,1
1240,13,57,22,0
631,10,22,6,0
990,14,26,14,0
956,14,32,0,1
951,12,28,0,1
195,9,9,2,0
483,16,22,26,0
506,13,17,23,0
650,10,21,13,1
212,16,9,1,1
735,8,29,2,1
465,13,12,3,1
1167,12,27,14,1
1046,18,27,5,1
608,13,15,8,1
1291,24,44,210,0
557,17,21,69,0
353,9,17,2,1
254,14,18,48,0
157,10,9,11,0
703,9,26,1,1
261,15,14,17,0
463,18,32,6,1
1043,16,34,16,0
856,15,15,5,1
280,11,15,1,0
1012,13,38,19,0
1354,8,44,1,1
531,18,17,63,0
316,14,11,33,0
896,12,23,37,0
507,13,24,2,1
677,13,15,50,1
849,16,43,2,1
458,11,9,11,1
1557,17,51,9,1
1209,23,40,7,1
304,14,27,52,0
1298,15,28,4,1
951,12,28,4,1
444,16,18,3,1
1464,11,44,8,1
335,7,30,2,0
994,14,34,12,1
1479,14,30,0,1
536,9,19,1,1
1243,20,41,1,0
730,16,21,4,1
1128,15,20,14,0
785,9,17,27,0
404,13,15,1,1
1954,11,49,2,1
235,5,8,0,1
174,12,10,1,1
770,13,24,14,1
956,12,32,0,1
150,4,11,18,0
1187,18,22,4,1
408,7,12,1,1
492,8,20,12,1
508,13,14,7,1
1190,20,24,31,0
612,11,20,7,1
787,12,28,2,0
470,13,23,67,0
875,12,25,0,1
1180,13,31,3,1
470,14,16,23,0
303,13,10,30,0
220,14,12,2,1
732,13,17,29,0
436,11,9,8,0
728,10,44,95,0
557,16,21,8,0
550,11,19,5,1
344,19,13,26,0
328,13,14,24,0
854,15,35,3,0
1121,18,26,0,1
606,18,13,15,0
637,15,25,3,1
956,14,32,8,1
507,15,24,6,1
413,21,22,18,0
793,14,48,4,1
399,12,13,9,1
441,10,38,2,0
1483,15,33,40,0
846,11,14,19,0
730,16,21,4,0
335,10,10,13,0
1040,23,17,120,0
745,9,39,22,0
1037,15,48,3,1
733,18,22,22,0
307,14,6,2,1
210,10,7,3,0
866,14,22,0,1
799,13,28,9,0
1252,15,34,3,1
472,10,10,3,1
1095,13,21,8,0
703,13,18,22,0
1280,16,41,100,0
517,13,19,14,1
365,17,10,11,0
1171,19,34,0,1
550,15,18,6,1
298,26,16,3,1
773,17,19,10,1
889,13,39,2,1
352,9,14,49,0
274,9,10,30,0
1204,14,29,3,1
1082,15,21,6,1
445,11,23,19,0
359,10,21,22,1
274,11,22,7,0
327,15,15,15,0
1349,18,18,9,0
1277,11,29,2,1
932,10,54,61,0
400,16,23,77,0
1131,13,23,12,1
1128,25,20,0,1
815,18,7,2,1
461,11,23,3,1
513,12,26,32,0
652,19,17,12,0
335,18,30,3,1
746,14,14,5,1
893,15,20,3,1
1940,11,75,3,1
1117,7,10,5,1
1373,19,22,0,0
758,12,20,5,1
300,18,11,12,1
288,12,16,29,0
914,28,24,5,0
281,19,9,7,0
1113,24,20,7,1
788,12,31,5,1
376,15,13,9,1
823,10,52,8,1
1643,13,39,16,0
1121,18,28,6,1
1442,15,40,169,0
322,7,18,8,1
1560,14,55,177,0
212,13,9,27,0
650,10,21,11,0
284,20,17,35,0
327,11,15,44,0
650,10,21,12,0
487,13,28,12,1
321,23,26,23,0
210,10,7,6,1
231,11,21,4,1
920,10,17,12,1
878,25,27,17,0
486,22,23,18,0
866,14,22,24,0
274,11,22,5,0
614,13,21,47,0
460,16,13,6,1
399,12,13,1,1
906,11,29,9,1
1129,14,41,1,0
1121,17,28,12,1
578,13,16,0,0
598,19,20,20,0
481,11,16,14,1
392,12,13,2,0
599,8,18,2,0
1560,11,55,265,0
393,10,13,0,1
1171,11,35,176,0
1064,21,29,3,1
997,11,12,24,1
266,17,17,5,0
210,12,16,11,1
279,9,28,4,1
176,14,10,5,1
452,17,34,7,1
684,10,30,9,1
364,8,20,5,1
237,11,13,3,0
656,10,18,20,1
1121,17,26,47,0
220,18,10,16,0
984,15,54,5,1
1282,16,15,3,0
958,9,34,7,1
869,11,45,13,1
343,17,16,15,0
663,12,25,7,0
1090,6,36,29,0
804,11,21,9,0
1477,16,59,127,0
255,19,12,11,0
785,10,21,23,0
414,8,22,3,1
1303,11,32,5,1
803,20,27,2,1
359,14,21,30,0
546,17,10,5,1
536,9,19,27,0
506,16,15,5,1
656,12,18,20,1
436,11,9,7,0
1625,11,26,32,0
272,16,9,15,0
410,13,23,8,1
601,9,21,7,0
481,18,9,5,0
1479,12,30,1,0
1064,18,29,9,0
864,25,21,61,0
1650,13,53,3,1
467,11,27,20,0
1004,13,14,1,1
1009,14,19,28,0
1650,14,38,45,0
649,15,27,1,0
1189,10,49,212,0
938,10,39,159,0
233,8,10,5,0
1209,23,40,7,0
601,15,21,2,0
126,7,6,15,0
1186,8,25,16,1
637,20,36,8,1
335,7,10,2,1
207,16,13,3,0
504,13,20,5,1
468,16,15,29,0
710,15,15,2,1
927,13,36,14,0
689,12,11,21,0
983,18,24,0,1
444,13,31,7,0
494,17,12,27,0
321,13,20,8,1
948,9,29,132,0
438,18,13,0,0
554,13,17,6,1
1187,12,22,4,1
422,12,17,26,0
891,24,28,3,0
220,14,12,4,1
1625,18,26,32,0
804,15,21,6,0
284,22,9,1,1
1212,18,54,0,1
894,14,20,3,1
774,13,25,3,1
897,12,47,41,0
638,14,35,6,1
1282,16,15,5,0
1940,14,75,165,0
237,11,17,10,0
1845,11,36,133,0
272,17,9,2,1
531,18,33,10,1
1106,12,56,55,0
1277,13,29,2,1
506,11,17,7,1
1217,14,31,8,1
675,17,32,4,1
773,12,19,5,0
505,11,29,4,1
668,18,13,5,0
441,17,20,0,1
441,8,20,2,0
263,17,13,6,1
293,13,16,5,1
354,11,12,12,1
1717,13,52,156,0
733,13,22,33,0
521,13,13,4,1
774,13,25,3,1
638,12,39,1,1
506,16,17,7,0
1205,13,48,3,1
276,13,21,5,1
145,16,10,10,0
1989,19,53,4,1
295,13,10,2,1
194,7,16,3,0
274,11,22,0,0
1772,12,34,146,0
1197,20,44,0,1
985,24,15,2,1
1256,13,29,1,1
867,14,23,17,1
1209,24,40,7,1
637,11,16,16,0
812,18,30,21,0
938,12,39,38,0
395,12,16,14,1
435,15,15,6,1
670,14,17,39,0
1128,15,20,0,1
810,18,13,20,0
632,13,15,7,1
525,14,23,4,1
272,17,9,9,1
1351,14,43,3,0
1196,15,17,6,1
381,14,17,2,1
374,9,34,41,0
629,9,27,67,0
1536,10,41,267,0
1069,17,38,12,1
280,17,12,18,0
731,13,30,46,0
542,14,8,11,1
848,17,13,0,1
453,15,24,9,1
145,11,10,11,0
395,12,16,16,0
625,12,18,13,1
792,13,20,0,1
615,8,11,24,1
821,10,25,11,1
406,14,20,1,1
352,13,14,4,0
178,7,11,3,0
750,9,31,36,0
607,10,22,16,0
367,16,11,4,1
219,17,10,12,1
1635,9,36,8,1
793,8,48,6,0
996,10,19,32,0
208,14,12,10,1
802,13,31,5,0
212,13,9,6,0
332,7,17,20,0
783,15,31,16,1
1095,28,40,118,0
1258,14,32,47,0
662,14,42,5,0
1037,20,48,69,0
1085,16,18,123,0
994,10,20,1,1
577,9,13,6,1
932,7,54,21,0
655,8,32,3,1
828,13,30,0,1
380,13,17,10,0
352,9,14,0,1
349,15,20,6,0
903,19,37,13,0
292,12,26,33,0
293,18,18,4,1
1446,15,46,9,1
967,17,23,10,0
1006,24,38,15,0
126,9,6,4,1
432,15,14,70,0
279,10,28,0,0
1073,16,33,64,0
540,23,19,33,0
506,20,15,5,1
575,13,40,1,0
1196,14,35,21,0
507,15,24,0,1
538,11,37,4,1
1740,15,46,6,1
1775,19,57,32,0
755,9,20,4,1
352,13,18,4,1
445,14,23,1,1
484,10,14,33,0
349,15,20,1,1
570,16,16,2,1
896,13,22,2,0
578,12,16,9,0
1635,7,80,29,0
655,20,25,37,0
778,9,34,49,0
320,16,17,0,1
494,12,12,0,1
357,11,18,10,0
1371,17,56,53,0
1084,17,24,27,0
1123,19,92,96,0
799,17,28,2,1
1189,11,24,32,0
1823,17,69,57,0
1261,19,20,41,0
550,16,18,11,1
336,6,13,4,1
804,11,21,4,1
1135,15,26,3,1
311,14,31,2,1
353,15,12,64,0
376,8,13,1,1
553,13,40,8,0
531,18,17,5,1
404,10,12,2,1
1015,11,33,83,0
932,10,54,60,0
314,24,12,18,0
89,6,8,6,0
1112,21,25,2,1
461,11,23,3,1
413,21,22,6,1
408,7,12,8,1
909,7,26,17,0
885,14,9,3,0
923,11,31,2,1
660,11,17,0,1
255,17,12,3,1
379,15,18,4,1
1103,14,37,118,0
394,8,25,75,0
485,9,12,4,0
299,18,11,8,1
881,18,36,4,0
1098,23,22,54,0
392,15,11,2,0
1394,16,30,1,0
972,11,20,1,1
402,11,29,8,0
823,18,22,37,0
1106,12,56,3,1
483,15,22,61,0
474,26,15,15,0
368,11,15,3,1
139,18,11,3,1
305,11,10,0,1
412,7,15,3,1
368,12,13,22,0
324,16,13,1,0
196,9,9,13,1
1006,24,38,55,0
499,12,31,2,0
1989,19,53,0,0
460,16,13,5,1
159,6,13,2,1
417,14,28,9,0
415,18,11,0,1
1021,25,23,112,0
202,11,9,16,1
425,18,13,13,1
423,11,16,5,1
760,8,26,22,1
865,16,9,0,1
174,8,10,1,1
560,6,16,13,0
583,13,19,11,0
951,23,28,2,1
776,7,31,8,0
1114,9,24,0,1
1536,10,41,4,1
783,15,31,60,0
151,11,13,6,0
305,11,10,3,1
726,16,18,3,1
1624,18,50,2,0
1212,18,54,3,1
708,13,33,5,1
400,11,25,46,0
145,12,5,1,1
1291,24,44,217,0
433,10,14,6,1
636,8,20,11,0
868,14,27,62,0
530,14,7,5,0
438,14,10,12,0
709,12,19,47,0
906,16,22,5,1
953,13,33,4,1
1042,22,35,14,1
398,7,19,9,0
213,17,17,1,0
432,16,17,0,1
761,20,23,9,0
531,8,27,1,1
798,21,16,1,1
323,17,19,27,0
703,9,26,9,0
377,12,13,14,1
858,22,25,0,1
622,15,22,3,1
1171,10,34,23,1
612,11,20,1,1
1373,13,22,4,1
896,13,23,14,1
608,14,15,3,1
1560,14,55,169,0
805,7,54,73,0
972,11,20,183,0
463,18,32,11,1
1107,17,22,0,1
617,14,22,8,0
666,12,29,2,1
810,18,18,2,1
481,12,16,100,0
578,12,16,1,1
207,18,13,9,0
155,6,16,12,1
536,13,19,0,1
328,8,14,24,0
1501,18,30,208,0
489,12,17,22,0
901,18,16,19,1
279,10,28,16,0
400,11,25,47,0
143,13,9,3,0
274,10,19,9,1
422,13,17,11,1
1000,18,24,28,0
1823,17,69,5,0
89,6,8,2,0
287,11,24,19,0
655,11,32,0,1
1183,16,17,155,0
481,11,16,0,1
518,11,12,3,1
381,14,17,19,0
787,12,28,32,0
1021,24,23,59,0
710,16,15,2,1
1070,13,46,3,0
433,4,18,3,0
506,13,15,5,1
1082,9,21,6,1
538,11,37,6,1
226,18,14,7,0
703,9,18,106,0
1107,20,22,0,1
1106,27,28,30,0
212,10,19,18,0
1989,19,53,16,0
233,15,10,5,1
277,13,17,5,0
274,9,10,23,0
1080,17,15,2,1
1183,14,34,36,0
655,21,32,3,1
398,14,19,9,1
303,13,8,18,0
1014,13,20,5,0
539,11,14,6,1
1007,13,16,0,1
302,10,9,4,1
336,8,10,8,1
412,8,15,8,1
423,12,24,1,1
405,10,29,0,0
1076,12,21,16,1
639,11,23,18,0
1121,18,28,27,0
324,11,13,7,0
1234,6,36,6,1
332,13,15,7,0
587,10,23,1,1
744,12,37,1,0
881,9,19,44,0
368,11,15,4,1
357,13,42,3,1
708,11,33,5,1
360,12,16,9,1
1227,15,39,10,1
770,13,24,2,0
1339,9,36,153,0
673,15,12,3,1
198,9,15,12,0
321,20,26,61,0
320,13,9,3,0
1339,15,36,15,0
374,12,11,11,0
608,14,15,11,0
350,7,19,53,0
713,13,16,0,1
1146,12,20,15,1
434,10,25,39,0
220,11,14,7,1
212,10,19,9,0
776,13,31,54,0
311,11,14,21,0
300,17,11,4,1
994,14,34,5,1
1506,12,51,3,1
220,15,14,20,1
315,12,12,18,0
802,13,31,6,0
145,16,10,11,0
811,12,14,0,1
521,14,14,7,1
1086,13,54,35,0
319,9,8,8,1
433,8,18,3,0
525,14,23,2,0
653,21,22,2,1
376,6,13,7,0
483,16,22,1,0
173,15,11,16,0
352,3,14,0,1
951,12,28,5,1
432,9,17,8,0
919,21,24,37,0
670,5,17,2,1
437,10,37,79,0
531,13,33,9,0
400,16,23,73,0
300,18,17,6,0
481,11,14,23,0
255,17,12,11,0
797,17,45,7,1
829,12,23,15,0
751,15,20,1,0
706,19,20,46,0
559,10,13,28,0
623,15,17,14,1
89,6,8,6,0
891,18,28,4,1
1891,16,33,62,0
263,13,13,2,0
810,11,18,2,1
672,15,19,18,1
572,12,15,2,0
976,9,25,2,1
1706,13,43,11,1
739,12,16,13,0
321,23,26,15,0
797,10,27,5,0
1031,9,37,15,1
815,18,7,8,1
126,14,13,1,0
787,20,33,7,1
191,15,11,21,0
150,17,23,7,0
1326,13,31,11,1
499,12,31,5,0
496,12,22,3,1
574,19,19,2,1
148,10,8,0,1
1339,9,36,15,1
1049,14,25,47,0
1215,14,36,8,0
733,18,22,21,1
1281,11,49,47,0
1040,23,17,14,0
655,18,25,14,1
267,15,17,43,0
875,12,25,25,0
400,16,23,42,0
1396,14,26,1,1
378,13,17,7,0
637,32,36,28,0
1037,20,48,5,1
302,10,9,2,0
1142,24,36,21,1
733,20,22,101,0
231,11,21,0,1
511,15,16,12,1
1435,14,38,4,1
172,13,13,11,1
746,13,25,16,0
343,17,16,22,0
206,13,7,6,0
885,14,9,85,0
181,9,10,4,0
1454,10,40,6,0
174,13,8,16,0
1123,16,15,2,1
536,9,21,24,0
570,16,16,2,1
1394,16,30,32,0
972,11,20,2,1
505,17,14,8,1
1371,17,56,52,0
783,8,31,2,1
320,16,17,3,0
321,15,26,43,0
849,23,10,3,1
1046,20,19,31,0
901,17,16,6,1
866,16,34,166,0
948,9,29,7,1
823,16,37,2,1
1281,13,49,19,0
395,11,20,13,0
381,14,17,10,1
668,13,13,7,1
770,9,27,6,1
594,15,22,12,0
996,10,44,48,0
1266,12,30,35,0
1291,28,44,0,0
376,17,7,3,1
413,14,8,1,1
896,13,22,6,1
315,10,12,45,0
481,13,14,24,1
298,26,16,2,0
1026,14,15,6,1
670,14,17,2,1
300,7,22,0,0
539,11,14,14,0
896,13,15,15,1
339,15,11,17,0
897,11,28,13,0
526,18,22,3,0
1276,13,14,1,1
554,17,35,3,1
941,17,29,4,1
580,17,22,7,1
200,8,15,8,1
378,11,17,5,1
663,10,25,7,0
1039,11,31,1,0
550,16,18,39,0
141,12,9,19,0
1183,15,34,0,1
1775,19,57,32,0
460,12,13,6,0
505,18,14,2,1
1649,9,36,16,0
256,11,14,13,0
510,10,21,0,1
536,15,19,11,1
564,9,14,10,1
580,17,22,18,0
1177,15,41,37,0
782,16,18,2,0
631,19,22,6,1
1476,14,26,20,0
127,17,10,1,0
906,7,29,14,0
849,11,43,3,0
1326,16,31,21,0
133,9,5,6,0
880,19,15,16,0
1001,12,26,4,1
508,13,14,7,0
276,13,41,13,0
1276,22,37,22,0
350,11,15,6,1
460,14,11,5,0
346,9,9,16,0
271,10,12,1,1
1266,12,30,30,0
1123,9,92,3,0
170,15,13,15,0
357,12,42,69,0
821,15,25,15,1
460,15,11,5,1
1106,8,56,10,0
255,6,21,11,0
828,15,30,14,1
659,14,23,88,0
422,12,13,2,1
311,6,31,2,1
703,15,26,1,0
263,17,13,2,0
700,24,19,15,1
1732,16,34,2,1
327,12,15,13,1
735,8,29,11,1
690,10,31,6,0
277,13,17,2,1
1064,18,29,3,1
343,17,16,8,1
889,16,8,17,0
1075,16,21,1,0
283,11,17,17,0
304,11,27,4,1
1133,24,29,21,0
213,13,8,38,0
892,23,16,12,0
504,14,20,1,0
778,21,22,8,1
823,12,24,2,0
680,17,15,16,1
1320,13,45,64,0
293,12,18,1,1
706,16,20,22,0
1021,8,20,20,0
966,10,20,4,1
602,16,9,0,1
938,12,39,66,0
1142,21,36,3,0
382,10,21,12,1
305,16,20,40,0
413,16,22,12,0
241,20,8,2,1
967,17,23,3,1
1258,11,32,7,0
1261,19,20,28,0
165,13,44,2,1
758,10,24,87,0
681,12,24,7,1
170,13,13,5,1
615,13,11,0,0
364,9,20,5,1
1215,11,36,7,1
1058,11,33,33,0
343,14,13,25,0
150,9,12,11,1
821,22,15,130,0
1177,16,41,1,1
1940,14,75,4,0
460,11,11,2,1
554,13,17,6,1
842,13,11,152,0
670,15,17,3,1
379,14,16,8,1
1243,19,41,8,0
1106,8,56,19,0
1015,16,33,20,0
391,11,21,5,1
231,8,20,16,0
418,11,9,5,1
637,19,25,23,0
1435,16,38,0,0
207,16,13,4,0
1326,13,31,11,0
631,10,22,0,1
668,14,22,13,1
1197,20,44,211,0
641,7,16,34,0
719,12,29,138,0
933,19,32,10,1
370,14,16,30,0
1940,11,75,279,0
1779,10,31,7,0
1021,13,20,24,0
1069,15,38,29,0
293,12,18,23,0
1320,13,45,0,1
1446,11,46,2,1
1016,12,24,1,0
1186,8,25,18,0
1004,10,14,147,0
675,17,32,22,0
521,11,13,1,1
498,9,30,4,0
606,21,13,12,0
504,18,14,8,1
805,9,54,115,0
1037,20,48,59,0
1123,19,92,1,1
1125,14,45,11,0
1123,10,92,10,0
231,18,11,9,0
472,10,10,4,1
557,16,21,8,1
151,14,13,4,1
914,23,24,32,0
797,10,27,0,1
176,9,10,5,1
1940,12,75,27,0
165,12,14,2,0
360,7,16,0,1
445,22,9,40,0
1205,12,48,14,0
847,15,18,15,0
884,9,31,179,0
880,19,15,19,0
583,13,19,0,1
792,16,18,7,0
682,16,13,11,0
631,19,22,17,0
797,9,47,3,1
1010,23,14,38,0
1129,12,41,27,0
559,11,13,13,1
226,16,14,19,0
1403,12,52,3,0
419,15,14,66,0
928,12,23,6,0
1063,13,17,3,1
1351,12,43,2,1
220,10,10,0,0
942,17,17,38,0
1069,17,38,59,0
1004,10,14,1,1
213,12,17,7,0
1177,22,38,85,0
636,15,11,3,0
875,13,25,90,0
1013,27,35,29,0
1352,10,23,0,1
1587,14,21,2,0
335,10,25,9,1
276,13,21,6,0
164,6,6,0,1
1080,22,15,2,0
915,18,13,17,0
485,12,24,87,0
280,15,15,0,0
1005,13,28,71,0
1080,22,15,3,1
758,9,20,39,0
352,3,14,6,1
1341,12,42,6,1
1067,15,32,2,1
479,13,17,15,1
350,11,19,4,1
605,15,12,61,0
914,23,24,5,1
696,18,14,6,1
812,18,30,53,0
1650,14,38,282,0
1189,15,49,6,1
770,9,24,95,0
1169,8,17,13,0
1121,17,26,154,0
364,7,20,7,0
1169,9,17,17,0
689,10,11,6,1
1038,12,29,11,0
1501,13,30,4,1
1443,12,40,5,1
773,11,33,13,0
649,10,27,11,0
842,11,18,8,0
1779,10,31,8,1
414,12,22,3,1
380,17,17,7,0
272,11,13,19,1
229,19,10,7,1
1006,9,27,6,1
1107,20,22,19,1
1538,7,13,0,1
540,23,19,1,1
749,13,35,9,0
708,7,59,1,1
432,10,25,3,1
577,18,15,10,0
439,9,26,11,0
194,9,11,8,1
967,17,23,10,1
282,14,8,10,1
689,10,23,24,0
884,11,31,19,0
602,16,9,0,1
915,18,13,7,0
543,16,37,6,0
692,12,9,1,0
897,12,47,38,0
403,10,14,46,0
326,13,6,1,1
400,14,25,6,1
381,17,17,0,1
191,14,8,37,0
228,12,15,3,1
558,18,24,50,0
143,17,9,7,0
603,14,23,120,0
280,7,15,6,1
349,15,20,5,1
322,12,15,6,1
614,13,21,70,0
1171,11,35,94,0
951,15,28,37,0
638,8,35,8,0
1007,16,16,0,1
599,8,18,1,1
1989,19,53,16,0
1487,9,12,0,1
959,23,29,136,0
537,13,18,3,0
202,11,9,0,1
1058,9,33,0,1
799,18,28,60,0
746,17,14,10,1
168,12,5,6,1
1129,17,39,74,0
214,5,17,9,1
312,17,7,0,1
207,12,13,27,0
349,15,20,7,1
445,11,23,9,1
523,14,18,0,1
375,19,12,9,1
744,16,37,6,0
564,9,14,94,0
155,10,16,9,0
572,12,15,5,1
272,16,9,15,1
967,19,36,39,0
1082,16,21,5,1
486,18,21,5,1
810,10,18,13,0
823,21,14,27,0
1544,13,49,86,0
472,13,10,3,1
513,12,26,21,0
956,10,32,13,1
457,12,12,13,1
625,17,18,6,1
1904,13,44,30,0
788,7,31,8,1
1095,28,40,148,0
966,12,13,8,1
1779,11,31,7,1
471,13,12,6,1
562,10,15,122,0
165,8,14,8,0
614,18,21,21,0
200,8,15,3,1
372,10,19,4,0
615,13,11,27,0
1204,13,18,8,0
674,11,19,0,0
560,6,16,22,0
410,13,23,0,1
1095,13,41,77,0
208,14,16,7,0
869,13,45,26,0
433,13,13,4,1
404,16,9,0,0
682,16,13,21,0
312,10,12,20,0
979,12,28,1,1
1281,11,49,66,0
660,10,7,50,0
1036,9,15,4,1
477,20,11,4,1
439,9,26,3,1
588,16,15,36,0
1435,13,38,3,0
1142,28,36,32,0
707,25,11,42,0
819,13,26,3,0
1109,15,18,17,0
773,16,26,4,0
935,24,17,10,0
346,9,9,11,1
746,13,14,7,1
881,9,19,26,0
1454,16,40,0,1
682,13,17,5,0
1670,9,34,11,1
210,11,7,8,1
750,15,10,2,0
730,16,21,7,1
353,9,14,2,0
1189,10,49,4,1
915,16,13,17,0
226,18,14,4,1
1587,13,21,1,1
208,14,16,36,0
370,12,16,10,0
1446,15,46,2,1
798,21,16,4,0
292,12,26,32,0
681,12,24,10,1
481,11,16,4,0
847,17,18,2,1
709,11,23,5,1
742,13,17,26,0
928,12,23,37,0
901,19,16,5,0
1589,17,34,6,1
791,8,22,6,1
256,7,14,20,0
1303,10,32,5,1
1706,13,43,6,0
472,16,18,1,1
787,16,33,7,1
453,15,24,16,1
574,21,19,2,1
392,12,13,6,0
1276,16,37,1,1
1281,11,49,50,0
352,13,18,19,0
343,14,13,23,1
763,18,23,27,0
1095,28,40,128,0
313,8,12,9,1
866,13,34,41,0
276,14,14,2,0
650,10,21,15,0
657,12,15,0,1
335,18,30,8,1
1316,19,18,204,0
598,19,20,21,0
1082,15,21,1,1
228,12,15,1,1
708,9,30,52,0
689,13,23,5,1
1650,14,53,3,1
1036,12,15,25,0
341,14,14,63,0
194,9,11,6,1
294,15,18,27,0
208,19,16,13,0
382,10,22,4,1
1435,13,38,2,0
468,37,28,19,0
594,17,22,27,0
1283,17,18,2,1
823,12,37,27,0
526,13,26,8,1
953,9,11,3,1
1145,13,35,2,1
1006,30,38,7,1
197,12,20,6,1
1016,13,28,2,1
470,13,16,23,0
237,11,13,7,1
494,17,12,14,0
938,10,39,165,0
1650,12,38,157,0
856,14,42,11,1
953,15,11,3,1
1695,14,21,65,0
1083,18,54,4,1
1177,23,38,85,0
612,11,14,0,1
1479,19,30,5,1
956,7,32,8,1
428,13,23,11,0
751,18,20,1,1
677,14,15,2,1
228,12,15,36,0
478,23,19,13,0
1775,19,57,9,1
292,7,26,3,1
298,15,17,4,1
539,11,14,16,1
332,9,15,7,1
942,17,17,1,0
732,11,17,29,0
1392,18,19,0,1
304,14,27,43,0
775,13,31,20,0
1606,16,53,291,0
472,17,18,1,1
1989,19,53,4,1
444,13,31,11,0
698,13,23,6,1
856,14,42,5,1
280,16,7,14,1
804,12,21,8,0
392,15,11,2,1
958,12,34,14,0
557,16,21,2,1
1217,13,30,5,1
235,17,8,0,1
1129,17,39,27,0
897,17,47,20,0
1752,11,41,24,0
923,14,31,2,1
505,18,14,55,0
1070,23,36,0,1
360,12,16,8,0
722,13,10,7,0
959,20,29,19,0
1069,19,38,1,0
810,29,12,16,0
806,11,49,5,1
421,12,12,7,1
365,16,11,2,1
672,20,19,18,0
194,13,11,13,0
1146,12,20,5,0
249,9,13,23,0
623,18,17,0,1
1083,18,54,4,1
692,17,9,2,1
1197,20,44,210,0
400,11,25,6,1
819,13,26,8,0
485,5,24,2,1
909,13,26,14,1
298,26,16,3,1
1095,16,41,7,1
305,17,20,2,1
1219,19,52,63,0
392,16,13,10,0
413,14,8,4,1
381,14,17,2,1
404,13,14,0,1
1540,12,396,1,0
263,17,13,21,0
393,11,23,1,1
231,8,20,18,0
637,32,36,8,1
655,18,25,26,0
206,9,7,3,0
368,12,15,5,1
1113,19,20,15,0
932,7,54,9,0
444,11,13,1,1
350,11,19,11,1
1020,9,23,14,0
607,11,21,2,1
336,8,10,9,1
1088,10,38,1,0
935,13,21,5,1
539,13,14,23,1
1062,8,27,13,1
709,10,19,47,0
441,10,30,18,0
808,17,30,29,0
1557,20,51,43,0
288,16,18,1,1
753,17,43,29,0
311,10,12,12,0
470,14,16,22,1
760,15,26,6,0
1536,14,41,1,0
904,10,28,3,1
1281,12,49,106,0
477,9,11,11,1
174,18,8,11,0
787,16,33,3,1
538,18,37,6,1
431,11,6,8,1
927,14,36,21,0
761,24,9,2,0
103,14,7,2,1
329,12,25,1,1
434,10,25,10,0
926,12,25,23,0
572,12,15,18,0
1911,10,31,5,1
604,16,19,11,1
560,6,16,44,0
211,9,8,3,1
966,12,13,3,1
1133,24,29,0,0
1614,19,32,1,0
662,12,42,8,0
951,15,28,2,1
606,19,23,1,1
974,9,28,33,0
797,10,27,4,1
953,9,11,44,0
1477,16,59,2,0
819,13,26,0,0
481,17,9,12,0
1479,12,30,15,0
302,14,4,3,1
1227,12,39,4,1
519,13,12,6,1
336,18,10,0,1
376,12,13,46,0
343,11,25,0,0
666,11,29,1,1
1021,8,20,7,1
1177,16,41,68,0
404,16,9,2,1
320,10,17,0,1
1095,27,40,14,0
959,20,29,13,0
379,12,16,8,1
504,13,20,1,1
699,11,25,13,0
1339,15,36,11,0
994,14,34,12,0
1547,12,25,9,1
666,6,24,2,1
539,10,12,30,0
1276,12,49,27,0
956,10,32,12,1
406,5,20,50,0
625,17,18,13,1
1086,13,54,34,1
362,15,17,10,1
311,5,12,30,0
731,15,30,2,1
1127,20,33,14,0
441,8,20,14,0
1076,12,21,27,0
444,12,31,0,0
657,11,13,0,1
956,12,32,37,0
1606,17,53,52,0
512,13,18,13,0
585,13,34,10,1
969,18,21,2,0
957,14,24,5,1
550,11,19,29,0
255,17,12,10,1
1124,15,19,2,1
1501,13,30,51,0
1291,28,44,77,0
225,10,8,8,1
649,15,27,1,0
1006,15,27,23,0
1085,12,18,35,0
170,15,13,2,0
950,12,26,3,0
481,13,14,23,0
722,19,10,2,1
341,20,14,48,0
659,14,23,72,0
606,18,23,16,0
391,11,21,0,1
710,15,17,7,1
1164,17,42,49,0
1681,18,33,10,1
558,20,17,5,1
972,11,20,3,0
719,16,29,29,0
365,13,11,0,0
300,11,17,8,0
536,9,21,3,1
773,12,26,5,1
229,8,10,7,1
906,14,22,12,0
513,14,26,17,0
670,12,17,39,0
710,16,17,7,1
1187,18,22,0,1
578,12,16,13,0
708,14,30,24,0
1775,18,57,10,0
293,18,18,1,0
599,14,18,8,0
154,10,14,17,0
1320,13,45,10,0
797,10,27,6,0
1540,21,396,331,0
298,11,16,18,0
554,15,35,3,1
400,15,18,1,1
208,14,16,35,0
897,18,47,42,0
621,13,26,8,1
486,18,23,16,0
580,14,15,12,1
614,18,21,4,1
982,9,33,0,1
263,17,13,5,1
419,13,14,11,1
1706,11,43,65,0
505,11,29,1,0
365,17,11,8,0
1635,9,36,5,1
316,15,13,0,1
299,18,11,21,0
1373,10,22,4,1
932,13,14,192,0
395,11,20,4,1
247,10,10,30,0
357,11,18,4,1
219,17,10,47,0
505,9,45,76,0
761,19,23,29,0
1086,12,16,44,0
658,13,10,6,1
606,18,23,7,0
350,16,15,35,0
235,5,8,7,1
746,10,14,21,0
559,11,13,8,1
487,13,28,10,0
577,13,15,4,1
394,11,25,5,1
728,10,44,123,0
153,10,11,8,1
423,12,24,7,0
1940,12,75,30,0
305,19,11,18,0
1183,16,17,1,1
343,11,25,25,0
1129,12,41,10,0
1501,10,30,4,1
305,19,11,39,0
591,19,15,8,0
1717,13,52,103,0
1403,14,52,93,0
494,12,12,12,0
745,5,39,21,0
501,15,15,16,0
467,11,27,5,1
951,23,28,37,0
441,17,20,11,0
1878,15,43,3,1
750,9,31,45,0
638,12,39,5,1
1341,16,42,35,0
1186,15,75,12,0
612,11,14,120,0
425,18,13,8,0
455,17,13,14,0
298,26,16,5,0
1316,19,18,2,1
308,13,14,8,1
670,14,17,19,0
896,12,23,37,0
377,14,18,47,0
631,19,22,51,0
1625,18,26,19,0
782,14,18,2,0
393,7,23,22,0
730,14,21,30,0
1007,19,35,4,1
374,17,11,15,0
1446,12,46,18,0
336,6,13,10,0
518,16,17,4,1
1000,18,24,119,0
344,10,13,4,1
1127,20,33,27,0
1280,18,41,5,0
823,21,14,3,0
197,12,20,6,1
1536,8,41,1,1
300,11,17,2,1
881,14,36,5,1
754,13,10,17,0
1574,16,40,41,1
438,14,10,2,0
1396,16,26,5,1
300,12,22,3,0
1020,13,23,2,0
133,9,5,12,1
670,7,17,1,0
701,8,16,22,1
502,14,17,1,0
510,16,21,43,0
729,12,25,53,0
332,12,17,30,0
1204,15,18,5,1
333,14,9,13,0
927,14,36,35,0
982,11,33,0,1
877,14,13,0,1
588,6,15,20,0
571,8,9,4,1
432,16,17,15,0
1087,10,46,12,0
1064,21,29,57,0
841,16,25,4,1
512,8,18,5,0
210,12,16,4,1
818,18,21,1,1
1046,13,21,0,1
1354,8,44,1,1
614,18,21,10,0
1186,17,25,13,0
761,19,23,17,0
622,15,22,27,0
332,13,15,35,0
419,13,14,12,1
1016,16,24,1,1
474,26,15,28,0
405,13,16,0,1
568,16,16,23,0
204,9,10,17,0
195,8,14,5,1
1624,16,50,114,0
811,16,19,4,1
559,11,13,10,0
926,12,25,4,1
323,17,19,24,0
847,17,18,5,0
566,20,17,21,1
208,19,16,5,0
501,12,11,17,0
770,9,27,8,1
754,17,22,0,0
433,18,33,14,0
571,9,12,2,1
708,14,30,52,0
518,13,12,12,0
255,13,21,0,1
881,18,36,5,1
542,14,8,15,0
295,19,10,12,0
1170,17,11,4,1
1145,15,36,4,1
1281,11,49,61,0
379,15,22,11,0
337,7,13,3,1
145,11,10,6,0
914,14,26,24,0
539,13,14,22,0
979,13,28,1,1
797,10,27,21,0
739,13,16,1,1
1087,10,46,5,0
1113,19,20,12,0
538,11,37,26,0
1173,17,17,10,1
730,16,21,30,0
638,8,35,7,0
159,8,13,2,1
776,16,31,126,0
293,18,18,14,0
1015,16,33,6,0
237,11,17,12,1
261,13,14,1,1
568,14,14,1,1
1527,14,54,11,1
788,12,31,10,1
537,15,12,5,1
876,25,28,26,0
802,22,31,0,1
748,13,10,44,0
428,20,23,6,1
502,11,17,42,0
395,11,20,0,1
1544,13,49,218,0
1095,13,21,2,1
1049,17,25,23,1
1587,14,21,1,0
807,21,12,95,0
879,13,13,4,1
753,17,43,51,0
953,21,33,1,1
638,8,39,5,0
787,14,28,31,0
305,16,20,50,0
909,7,26,6,1
761,19,23,16,1
1435,16,38,11,0
212,13,19,9,0
1026,9,28,4,0
1977,15,44,13,0
1299,16,18,1,1
893,15,20,68,0
541,14,30,4,1
598,15,20,18,1
445,19,9,6,1
640,12,33,0,1
1718,8,81,17,1
905,12,35,12,0
1606,15,53,49,0
1940,11,75,117,0
1164,19,42,49,0
668,17,22,31,0
892,21,16,13,1
1190,14,23,0,1
272,11,13,6,1
481,13,14,22,0
225,10,8,1,0
374,9,34,40,0
892,23,16,22,0
667,15,15,17,0
770,9,27,4,1
787,19,28,31,0
1000,12,24,28,0
841,16,25,3,1
207,9,13,6,1
858,26,25,104,0
1394,16,30,32,0
869,13,45,29,0
1037,19,18,18,0
1036,17,15,0,1
866,13,34,4,1
585,16,34,62,0
1036,9,15,0,1
550,16,18,17,1
155,10,16,10,0
505,11,29,0,1
277,12,17,2,1
126,11,13,13,0
1070,8,14,19,0
1607,12,32,16,0
659,16,23,2,0
916,13,41,39,0
477,20,11,4,1
583,11,19,59,0
321,15,26,52,0
226,16,14,21,0
889,16,8,17,0
439,9,26,26,0
523,20,27,86,0
541,14,30,5,1
457,12,12,2,1
523,16,27,18,0
468,9,27,18,0
903,19,37,15,1
902,23,23,4,1
382,9,21,13,0
316,16,13,32,1
293,18,18,11,0
881,9,19,28,0
496,12,22,5,0
335,15,30,3,1
854,15,35,11,1
328,13,14,1,1
542,17,8,15,0
1067,17,32,105,0
343,11,25,28,0
577,18,15,1,1
854,15,35,34,0
856,14,42,45,0
923,15,31,2,1
969,14,21,10,0
292,11,9,36,0
635,13,16,17,0
405,12,23,42,0
1258,13,32,1,0
191,9,11,7,1
847,19,18,15,0
293,18,18,11,0
1129,15,39,25,0
482,9,16,0,0
288,12,16,23,0
505,11,29,28,0
432,10,25,13,0
415,15,11,5,1
637,19,25,29,0
742,13,17,70,0
1124,9,29,0,0
202,11,9,3,0
681,15,14,10,1
708,12,33,17,0
823,10,52,4,0
689,13,23,36,0
198,17,15,27,0
523,20,27,3,1
300,17,11,12,1
326,15,13,6,1
583,5,19,39,0
957,13,24,72,0
150,16,11,7,1
1614,16,32,6,0
1280,19,41,21,1
313,8,12,1,1
1177,16,41,1,1
1276,12,49,5,1
577,17,13,7,1
295,12,20,2,0
732,13,17,7,1
621,8,26,12,1
151,14,13,12,0
1001,10,26,37,0
905,18,35,1,1
1083,18,54,0,0
1120,13,25,15,1
537,18,12,5,1
680,9,15,20,0
405,15,23,46,0
881,14,36,4,0
1190,14,23,0,1
667,15,15,7,1
1635,7,80,28,0
322,7,18,0,1
1107,16,22,19,1
801,18,21,4,1
1070,14,14,0,1
227,37,13,26,1
1023,29,19,24,1
1031,11,37,2,1
1089,16,29,5,1
530,9,7,6,1
470,14,16,21,0
582,12,7,3,1
165,12,14,1,0
607,13,22,5,1
252,9,12,4,1
1326,13,31,15,0
413,6,52,2,0
1299,16,18,7,1
398,12,19,4,0
709,11,23,2,1
823,12,37,2,0
692,17,9,11,0
1095,9,41,100,0
283,7,22,37,0
615,14,14,45,0
359,14,21,32,0
1042,22,35,15,0
468,16,15,1,1
423,12,24,4,1
1047,13,29,22,1
1000,12,24,47,0
405,15,23,49,0
1260,12,28,3,1
323,17,19,0,1
489,17,17,2,1
1020,13,23,10,1
194,12,16,3,0
1649,9,36,20,1
571,13,12,2,1
977,20,15,65,0
537,18,12,2,1
680,9,15,16,0
472,14,18,29,0
1139,13,32,14,0
498,9,30,19,0
321,23,26,40,0
651,12,16,0,0
1706,14,38,6,1
233,8,10,28,0
1393,6,61,13,0
700,16,16,12,0
1044,12,33,168,0
1164,13,42,11,1
1016,15,24,1,1
951,23,28,2,0
587,10,23,36,0
1043,11,34,0,1
1135,9,22,1,1
437,10,37,6,1
165,12,9,3,0
635,12,16,11,1
809,11,32,5,1
1527,6,54,9,0
444,7,15,15,0
543,16,37,47,0
466,14,13,4,1
481,12,16,14,0
335,17,25,8,0
1904,12,44,55,0
458,12,9,2,0
402,13,25,5,0
380,18,17,11,0
412,9,15,8,1
1483,15,33,5,1
1080,22,15,2,1
298,8,17,1,1
1014,11,20,30,0
316,15,11,7,1
732,18,17,7,1
531,20,17,44,0
881,9,19,0,1
276,14,14,29,0
591,16,13,2,1
231,8,20,3,0
703,13,18,19,0
481,8,16,7,1
241,15,8,1,1
1234,10,48,46,1
468,37,28,24,1
518,13,12,5,1
772,12,21,2,1
944,22,17,4,0
441,8,20,6,1
799,18,28,71,0
1145,13,35,21,1
197,12,20,7,1
505,7,45,1,0
326,11,9,6,1
574,23,19,2,1
640,10,33,0,1
791,8,22,1,1
519,13,12,6,1
432,16,17,18,0
437,10,37,89,0
1940,12,75,31,0
1393,14,61,3,1
1089,11,29,11,1
200,17,15,4,1
1390,20,24,158,0
752,13,11,158,0
1732,21,34,2,1
521,10,13,14,0
588,6,15,45,0
571,9,12,8,1
377,10,13,0,0
181,11,10,5,1
617,13,15,0,0
636,8,22,7,1
1145,16,36,14,0
499,13,31,8,0
486,18,23,17,1
1016,15,24,5,1
1160,11,43,49,0
471,9,12,1,0
357,13,42,4,0
793,8,48,40,0
362,11,17,3,1
379,9,16,9,1
806,11,49,9,0
370,11,16,14,0
700,20,16,101,0
519,13,12,9,0
206,9,7,2,1
357,10,14,6,1
452,13,34,36,0
621,10,20,6,1
674,9,19,75,0
510,16,21,22,0
696,8,14,2,0
1090,6,36,9,0
948,12,29,41,0
202,6,12,33,0
311,5,12,9,0
481,11,16,6,1
1139,11,42,4,1
213,10,8,3,0
1476,8,26,0,0
610,13,16,95,0
896,16,28,10,0
361,12,15,4,1
126,11,13,2,1
938,10,39,143,0
708,10,30,52,0
676,13,14,12,1
326,13,6,1,1
744,16,37,1,1
281,19,9,8,1
1142,21,36,21,0
421,17,12,7,0
449,15,12,10,1
181,11,10,6,0
461,9,8,3,0
974,9,28,34,0
994,14,34,0,0
838,12,12,0,1
906,14,29,14,0
377,14,18,0,0
1354,8,44,4,0
1046,20,19,1,1
413,16,22,6,0
357,11,18,1,0
472,17,18,29,0
856,14,42,15,0
875,21,24,41,0
323,12,19,52,0
703,13,18,3,0
376,8,13,11,0
539,11,14,2,0
333,14,9,1,0
419,13,14,14,1
417,14,28,26,0
808,10,30,8,1
847,19,18,43,0
283,7,22,9,0
521,11,13,4,1
1000,12,24,89,0
928,11,13,2,0
938,10,39,5,1
582,12,7,4,1
155,9,16,0,1
489,10,9,89,0
298,11,16,19,0
499,13,31,24,0
501,13,15,10,1
1036,17,15,54,0
418,12,13,5,1
210,12,16,36,0
942,18,17,38,0
1001,12,26,39,0
708,13,33,19,0
357,12,42,50,0
382,16,7,6,1
1281,13,49,16,0
832,11,22,1,1
311,11,14,22,0
682,17,13,17,0
1171,10,34,0,1
231,16,11,3,0
553,13,40,11,0
770,9,24,97,0
1298,14,28,1,1
406,14,20,4,1
819,13,26,3,0
677,14,15,15,0
415,15,11,9,0
719,15,24,16,0
157,10,9,3,0
333,11,10,1,0
666,6,24,0,1
761,16,23,17,0
656,10,18,126,0
748,15,10,12,1
1635,11,80,48,0
468,15,15,0,0
1015,11,33,85,0
1298,13,28,1,1
1477,16,59,53,0
797,13,28,1,1
1089,11,29,12,0
380,14,15,54,0
322,10,18,8,0
897,18,47,3,1
557,17,21,69,0
370,11,16,13,1
629,7,27,7,1
710,16,17,0,0
511,12,16,21,0
439,9,26,6,1
905,15,35,1,1
1103,14,37,93,0
812,13,11,4,1
631,19,22,49,0
641,13,16,3,1
181,11,10,4,1
1034,10,51,0,0
614,13,21,81,0
1007,14,16,204,0
927,7,36,2,0
504,14,20,15,0
357,11,18,10,0
530,14,7,6,1
1538,8,18,2,1
512,13,18,1,0
1204,18,18,8,0
1006,24,38,7,0
523,20,27,12,0
1625,11,26,23,0
1831,11,45,22,0
535,16,13,3,1
670,15,17,0,0
233,15,10,2,1
423,12,24,26,0
392,15,11,9,1
1009,12,19,28,0
778,21,22,2,1
367,11,14,6,1
785,10,21,18,0
557,16,21,15,0
207,9,13,18,0
608,17,20,113,0
523,14,18,12,1
460,12,13,25,0
305,13,20,1,1
623,16,21,2,1
660,10,7,3,1
1023,23,19,33,0
444,13,31,42,0
797,18,28,153,0
392,17,13,10,1
153,10,11,1,0
706,9,23,4,0
1280,19,41,19,0
1049,15,25,6,1
233,37,10,23,1
956,10,32,0,1
770,9,24,76,0
453,14,24,14,0
1142,28,36,21,0
353,11,17,17,0
507,15,24,2,1
333,13,10,0,1
1007,19,35,0,1
787,20,33,126,0
322,7,18,17,0
404,17,9,2,1
434,15,25,10,0
367,11,11,7,1
501,10,11,0,1
458,12,9,11,1
1560,14,55,168,0
512,9,18,1,1
1977,15,44,15,0
200,9,15,14,0
445,19,9,5,1
1089,11,29,2,1
674,9,19,0,0
161,10,5,1,1
1016,16,24,5,1
354,11,12,15,0
321,23,26,6,0
1845,16,36,8,1
287,11,24,20,0
213,17,17,11,0
763,18,23,2,1
165,18,44,2,1
510,9,21,0,1
636,9,20,2,1
401,18,23,22,0
255,19,12,10,0
300,17,11,12,1
557,17,21,2,1
151,14,13,26,0
689,7,19,5,1
1189,15,49,0,1
709,12,19,1,1
1811,9,104,6,1
812,18,30,52,0
731,15,30,29,0
1109,15,18,1,1
280,11,12,20,0
1706,11,43,11,0
208,14,16,13,0
1779,11,31,8,1
444,8,15,7,1
969,15,21,10,0
760,15,13,19,0
305,16,20,3,1
378,13,17,4,0
304,14,11,0,1
241,18,8,2,0
1189,15,49,4,0
558,13,17,16,0
1442,15,40,57,0
726,11,18,9,0
1010,17,14,3,0
1123,16,15,1,1
1291,24,44,222,0
1070,8,18,48,0
378,11,17,4,1
339,7,10,1,1
1038,6,29,8,1
395,13,16,4,1
1183,15,34,1,1
1393,11,61,16,1
733,18,22,40,0
312,13,12,2,0
139,18,11,4,0
518,11,17,6,0
322,15,18,0,0
673,15,12,23,0
336,6,9,9,1
668,18,13,4,0
263,17,13,1,1
657,25,13,0,1
437,10,37,7,1
415,15,11,11,0
906,16,22,17,0
283,10,17,31,0
606,18,23,15,0
472,10,10,5,1
728,14,32,0,1
893,15,20,70,0
521,13,14,7,0
1571,11,35,0,1
1005,15,28,4,0
1483,15,33,0,1
428,13,23,12,1
368,6,15,4,1
758,9,20,72,0
512,14,22,3,1
577,18,15,16,0
1032,11,48,16,0
885,12,19,7,1
1112,16,25,2,1
155,6,16,0,1
864,14,24,23,1
1614,19,32,6,1
298,8,17,5,1
161,10,5,13,0
897,8,28,5,0
866,14,22,55,0
295,11,20,34,0
690,10,31,8,0
609,8,25,9,1
1977,15,44,3,0
956,10,32,11,0
1070,25,36,0,0
350,16,15,6,0
458,11,9,10,1
897,8,28,24,0
195,17,14,2,0
680,17,15,9,0
570,16,16,28,1
212,10,19,22,0
1040,22,17,4,1
365,17,11,18,1
370,11,16,0,1
305,18,11,1,0
409,17,10,2,1
748,13,10,0,0
763,18,23,11,1
760,15,13,3,1
383,14,14,48,0
172,11,13,9,0
663,12,25,2,1
276,13,41,6,0
324,11,13,0,1
321,20,26,23,0
254,14,18,5,0
541,15,30,31,0
352,13,16,3,1
1392,14,19,24,1
375,19,12,2,1
879,18,13,23,0
572,12,15,25,0
629,14,12,15,1
380,19,15,7,1
553,13,40,9,0
1390,16,24,4,1
432,10,25,13,0
808,13,30,0,0
858,22,25,12,0
343,11,25,35,0
638,8,35,6,1
726,11,18,4,1
280,11,12,8,0
1080,20,15,2,1
676,14,14,1,0
637,12,18,16,1
258,15,14,19,0
681,15,14,15,0
1089,11,29,3,1
708,11,33,15,1
919,22,24,2,0
1624,16,50,66,0
854,15,35,34,0
304,8,18,20,1
357,13,42,5,1
1961,13,45,0,1
376,8,13,9,1
266,17,17,3,1
594,17,22,26,0
305,16,20,47,0
778,18,22,57,0
543,7,37,2,0
1256,13,29,7,1
452,13,34,41,0
374,15,34,0,1
165,8,14,9,0
305,12,20,42,0
775,13,10,9,1
444,13,31,41,0
329,17,9,1,1
544,24,10,4,1
472,16,18,7,0
1420,10,8,26,0
1961,10,45,0,1
1540,21,396,69,0
733,18,22,6,1
271,10,12,3,0
133,10,5,12,1
461,11,23,7,1
460,16,13,9,0
412,8,15,3,1
879,13,13,9,1
250,8,8,49,0
477,16,19,30,0
797,20,8,33,1
405,15,23,47,0
1443,14,40,5,1
393,9,23,14,0
658,11,10,6,1
421,11,14,5,1
299,18,11,12,0
176,14,10,9,1
364,8,20,3,1
311,14,31,0,0
442,12,20,8,0
423,11,16,25,0
893,15,20,69,0
919,21,24,69,0
373,13,21,16,0
477,16,19,18,0
1434,11,21,33,0
1209,15,40,1,1
308,13,14,1,0
1190,11,24,31,0
173,10,11,20,0
594,15,22,3,1
914,14,26,11,1
457,15,12,7,0
285,11,19,0,1
897,17,47,11,0
834,12,14,5,0
1303,10,32,16,1
938,9,39,16,0
707,25,11,58,0
298,26,16,2,0
541,14,30,2,1
1139,12,32,0,0
592,8,28,23,0
658,11,10,2,1
673,17,12,1,0
996,10,44,39,0
740,20,11,3,0
1160,11,43,49,0
1878,18,43,12,0
677,13,15,53,0
945,10,21,1,0
1607,17,32,33,0
445,18,9,6,1
866,18,9,6,1
1420,10,8,27,0
847,19,18,42,0
292,14,9,3,0
353,13,14,10,1
233,15,10,3,1
272,16,9,16,0
773,11,33,1,0
1043,16,34,143,0
1098,15,22,38,0
649,10,27,49,0
512,14,22,92,0
652,19,17,0,1
1706,15,43,6,1
1037,15,48,5,1
402,11,29,7,0
461,9,8,6,1
953,18,33,1,0
395,13,16,6,1
957,11,24,0,0
1479,19,30,6,1
740,15,25,28,0
150,9,12,1,1
908,19,34,0,1
295,11,20,1,0
370,14,16,0,1
274,20,22,1,0
629,8,27,101,0
302,8,23,2,0
352,13,18,12,0
1167,15,29,12,0
231,9,20,16,0
404,11,14,1,0
942,17,17,41,0
543,16,37,4,0
462,15,13,0,1
612,10,20,1,0
267,13,17,3,0
540,21,19,32,0
667,15,15,15,1
305,12,20,40,0
382,9,21,12,1
849,16,43,5,1
885,18,9,3,1
300,12,22,9,0
1124,18,29,2,1
445,11,23,1,1
287,12,24,11,1
726,11,18,18,0
470,13,16,7,0
662,14,42,1,1
271,8,12,1,1
378,13,17,9,0
393,11,13,12,0
944,15,8,9,0
680,17,15,2,0
512,9,22,2,1
276,13,41,1,1
1073,12,33,100,0
1127,20,33,49,0
578,9,16,78,0
417,12,28,6,1
829,13,23,0,1
655,14,18,8,1
1106,27,28,4,1
1261,11,20,61,0
323,11,19,0,1
998,21,15,0,0
1589,20,34,6,1
183,14,7,10,1
951,12,28,2,1
1139,12,42,91,0
228,9,15,1,1
673,15,12,45,0
191,10,11,5,0
353,13,17,2,1
1321,11,50,7,1
1477,15,59,0,1
255,17,12,20,0
276,9,14,2,0
1039,8,31,7,1
276,13,41,16,0
758,8,20,15,1
474,6,27,6,0
598,16,20,18,0
499,9,31,20,0
945,10,21,21,0
842,19,11,18,0
881,16,19,28,0
350,16,15,1,1
282,9,8,12,0
926,17,33,2,1
959,20,29,18,0
359,14,21,29,0
607,13,22,31,0
442,10,20,6,0
675,17,32,0,1
481,11,14,10,1
996,6,44,135,0
638,8,35,0,1
1506,15,51,44,0
1891,16,33,62,0
739,20,16,1,1
458,12,9,11,1
667,14,32,5,0
279,10,28,4,0
1291,24,44,95,0
876,12,28,11,0
300,12,22,14,0
504,18,14,0,1
713,12,16,0,1
380,13,17,3,0
707,21,11,18,1
1321,11,50,5,1
525,9,23,0,1
379,12,16,12,1
807,21,12,8,1
213,13,19,28,0
314,20,12,0,1
304,8,18,19,1
413,8,52,1,1
896,24,15,11,1
634,16,23,14,0
649,10,27,10,0
550,15,18,9,0
650,10,21,14,0
531,17,17,33,0
213,12,19,26,0
897,18,47,4,0
350,16,15,1,1
1058,11,33,0,1
1234,12,48,35,0
300,12,22,3,0
333,14,9,12,0
733,14,12,0,1
321,6,20,6,1
272,16,9,16,0
1243,19,41,12,0
1904,13,44,62,0
615,11,14,20,0
279,10,28,8,1
498,9,30,0,1
400,14,25,1,1
1015,11,33,14,1
1001,10,26,4,1
415,16,11,0,1
1095,13,41,81,0
219,18,10,12,1
466,21,13,4,1
1464,8,44,58,0
1145,16,36,16,0
449,15,12,11,1
154,18,10,8,1
1989,19,53,10,1
1189,9,49,6,1
1043,16,34,142,0
165,12,9,0,1
775,16,31,0,1
1098,15,22,1,0
377,10,13,14,1
726,16,18,5,1
1171,11,35,93,0
395,12,20,13,0
212,10,19,17,0
1368,13,51,32,0
1219,19,52,2,1
357,13,18,3,1
932,10,54,63,0
614,18,21,47,0
145,16,10,1,0
749,12,35,9,1
187,9,10,7,0
746,10,14,2,1
682,14,17,40,0
733,18,22,33,0
521,13,13,1,1
